{
  "openInDefaultBrowser.title": "Abra no navegador",
  "openInDefaultBrowser.openWithLocalHttpServer": "Abrir com o servidor http local",
  "run.nonHTMLFile": "Não é possível abrir arquivos não-HTM ou não-HTML",
  "run.localServer.createError": "Falha no serviço de criação",
  "run.localServer.noMatchWorkspace": "Ocorreu um erro ao abrir o navegador. Por favor, reinicie o VSCODE e tente novamente!",
  "run.localServer.unknownException": "Exceção desconhecida",
  "donation.message": "A extensão é uma nova atualização e agora suporta o arquivo html aberto com o servidor http local. Se isso lhe der mais comodidade, pode me tratar tomar uma xícara de café. ❤️",
  "donation.okText": "Saber mais",
  "donation.cancelText": "Não, obrigado"
}
