{
  "openInDefaultBrowser.title": "ブラウザで開く",
  "openInDefaultBrowser.openWithLocalHttpServer": "ローカルHTTPサーバーで開く",
  "run.nonHTMLFile": "非HTMLまたはHTM形式のファイルを開けない",
  "run.localServer.createError": "サービスの作成に失敗しました",
  "run.localServer.noMatchWorkspace": "ブラウザを開くときにエラーが発生しました。 VSCODEを再起動してもう一度お試しください！",
  "run.localServer.unknownException": "不明な例外",
  "donation.message": "この拡張機能は新しいアップグレードであり、ローカルのhttpサーバーで開かれたhtmlファイルをサポートするようになりました。 これでより便利になれば、コーヒーを飲んでもらえます。 ❤️",
  "donation.okText": "もっと詳しく知る",
  "donation.cancelText": "結構です"
}
