{
  "openInDefaultBrowser.title": "在浏览器中打开",
  "openInDefaultBrowser.openWithLocalHttpServer": "使用本地HTTP服务打开",
  "run.nonHTMLFile": "不能打开非HTML或HTM格式的文件",
  "run.localServer.createError": "创建服务失败",
  "run.localServer.noMatchWorkspace": "打开浏览器发生异常，请重启VSCODE后重试！",
  "run.localServer.unknownException": "未知异常",
  "donation.message": "插件全新升级，现在支持使用本地HTTP服务打开HTML文件，如果这给你带来了方便，你可以选择请我喝杯咖啡 ❤️",
  "donation.okText": "了解一下",
  "donation.cancelText": "不了"
}
