{
  "description.oneDarkPro.editorTheme": "Switch different editor theme",
  "description.oneDarkPro.italic": "This setting will change some scope's font be italic",
  "description.oneDarkPro.vivid": "This setting will change the color more vivid",
  "description.oneDarkPro.bold": "This setting will change some scope's font be bold",
  "description.oneDarkPro.showChangelog": "show changelog",
  "description.oneDarkPro.setVivid": "set color be vivid",
  "description.oneDarkPro.cancelVivid": "set color be vivid",
  "description.oneDarkPro.setBold": "set some code be bold",
  "description.oneDarkPro.cancelBold": "set some code be bold",
  "description.oneDarkPro.setItalic": "set some code be italic",
  "description.oneDarkPro.cancelItalic": "set some code be italic"
}
