{
    "description.oneDarkPro.editorTheme": "设置不同编辑器主题",
    "description.oneDarkPro.italic": "设置部分代码为斜体",
    "description.oneDarkPro.vivid": "设置色彩为 vivid",
    "description.oneDarkPro.bold": "设置部分代码为粗体",
    "description.oneDarkPro.showChangelog": "打开变更日志",
    "description.oneDarkPro.setVivid": "设置色彩为 vivid",
    "description.oneDarkPro.cancelVivid": "取消设置色彩为 vivid",
    "description.oneDarkPro.setBold": "设置部分代码为粗体",
    "description.oneDarkPro.cancelBold": "取消设置部分代码为粗体",
    "description.oneDarkPro.setItalic": "设置部分代码为斜体",
    "description.oneDarkPro.cancelItalic": "取消设置部分代码为斜体"
}
